issue_id,work_package,title,priority,depends_on,conditional_dependencies,estimate_person_days,requirements,gates,deliverable,acceptance_evidence
W01.01,W01,Requirements and subsystem interfaces,P0,,,1,R-01;R-05;R-11,G0,"Reviewed scope, ownership ports, identity definitions and permission boundaries",Review each R-01 through R-13 owner and release boundary
W01.02,W01,State machines and versioned API fixtures,P0,W01.01,,2,R-02;R-03;R-04;R-13,G0,Reviewed message/create/result/error fixtures; admission proof; world-save crash model,AT-02;AT-03;AT-04;AT-06;AT-10;AT-11;AT-12
W01.03,W01,"Platform, test harness and protection decisions",P0,W01.01,,1,R-05;R-10;R-11,G0,ADR selecting build/mappings; exact-version GameTest/client harness plan; protection adapter scope,Review supported APIs and exact Direwolf20 acceptance release
W02.01,W02,Pinned NeoForge build and isolated source sets,P0,W01.03,,2,R-11,G1,Java21 toolchain; wrapper/dependency locks; audited separate client/server bootstrap,AT-27
W02.02,W02,Companion entity lifecycle and observations,P0,W02.01;W01.01,,3,R-05;R-06;R-11,G1,Entity UUID/save/load/render; server-thread immutable bounded observations,AT-15;AT-17;AT-27
W02.03,W02,Owner commands and versioned payloads,P0,W02.02,,2,R-01;R-07;R-10;R-11,G1,Shared intake router; handshake; authenticated bounded payloads; tick hook,AT-01;AT-16;AT-23;AT-27
W03.01,W03,Agents HTTP/SSE transport and codec,P0,W01.02,,3,R-03;R-12,G2,JDK transport; beta header; cancellation; strict bounded decoding; fake service,AT-04;AT-06;AT-13
W03.02,W03,Creation and streaming recovery,P0,W03.01;W04.02,,3,R-02;R-03,G2,Initial input create; metadata discovery; CREATE_UNKNOWN; buffered reconnect and intended-turn tracking,AT-02;AT-03;AT-04;AT-05
W03.03,W03,Saved-item output and session settings,P0,W03.02,,2,R-03;R-08;R-13,G2,Paginated saved output/result confirmation; final_answer filter; supported model updates,AT-04;AT-05;AT-12;AT-20;AT-26
W04.01,W04,Asynchronous journal and atomic snapshots,P0,W01.02,,3,R-02;R-04;R-13,G3,Versioned ordered records/checksums; durable acknowledgements; torn-tail and corruption policy,AT-02;AT-09;AT-25
W04.02,W04,Actor mailboxes and durable input queue,P0,W04.01;W03.01,,3,R-01;R-02;R-03;R-12,G3,FIFO accepted inputs; separate protocol obligations; bounds; runtime fencing; single retry coordinator,AT-01;AT-02;AT-09;AT-13;AT-17;AT-24
W04.03,W04,"Tool admission, intent deduplication and result recovery",P0,W04.02;W03.02,,3,R-03;R-04;R-07;R-10,G3,PREPARED/ADMITTED proof; canonical hashes; intent receipts; immutable results; UNKNOWN incidents,AT-06;AT-07;AT-08;AT-10;AT-11;AT-12;AT-16
W05.01,W05,Jobs and deterministic follow/move/stop,P0,W02.03;W04.03,,3,R-05;R-06;R-07,G4,Locomotion arbitration; continuous HOLDING follow; repath/stuck policy; safe task restore,AT-14;AT-15;AT-16;AT-17
W05.02,W05,Protected one-block mining and placement,P0,W05.01;W01.03,,3,R-04;R-05;R-10,G5,Exact-version interaction adapter; inventory/drop evidence; revalidated permissions,AT-10;AT-11;AT-18;AT-19;AT-29
W05.03,W05,"Bounded collection, defense and allowlisted interaction",P0,W05.02,,2,R-05;R-06;R-10,G5,Implemented tool schemas only; no PvP; finite scope; transfer and combat evidence,AT-18;AT-19;AT-29
W05.04,W05,World recovery and control-race integration,P0,W05.02;W05.03,,2,R-04;R-06;R-07;R-13,G4;G5,Independent world/ledger save images; uncertain outcome operator flow; revoke/stop integration,AT-10;AT-11;AT-15;AT-16;AT-17;AT-18
W06.01,W06,Acknowledged output and operational diagnostics,P0,W02.03;W03.03;W04.02,,2,R-08;R-12,G6,Stable item IDs; recipient ack protocol; subsystem status and reason codes,AT-04;AT-20;AT-24
W06.02,W06,Optional speech provider and client playback,P0,W06.01,,3,R-08;R-09;R-11,G6,Bounded server/gateway synthesis; client audio prototype; independent speech states; no key packets,AT-21;AT-22;AT-23;AT-27
W06.03,W06,"Consent, retention and operator recovery controls",P0,W06.01;W06.02,,2,R-09;R-10;R-13,G6,Remote-processing/speech opt-ins; redacted exports; safe incident resolution; deletion outcomes,AT-21;AT-23;AT-25;AT-26
W07.01,W07,Pinned Fabric build and loader hooks,P1,W01.03;W02.01,,3,R-01;R-05;R-11,G8,Separate remapped JAR; split sources; versioned server GameTest and client harness proof,AT-28
W07.02,W07,Fabric entity and world adapters,P1,W07.01;W05.04,,3,R-04;R-05;R-06;R-07;R-10,G8,"Equivalent entity persistence, navigation, action validation and evidence",AT-14;AT-15;AT-16;AT-18;AT-19;AT-29
W07.03,W07,"Fabric networking, presentation and audio parity",P1,W07.02;W06.03,,2,R-08;R-09;R-11;R-12,G8,Object payload threading; compatible client UI/audio; handshake and packaging proof,AT-20;AT-21;AT-22;AT-28
W08.01,W08,Fault injection and property invariant hardening,P0,W04.03;W05.04;W06.03,,3,R-02;R-03;R-04;R-07;R-13,G7,"Adversarial scheduling, crash images and seeded queue/ledger properties",AT-02 through AT-13;AT-16;AT-17;AT-25;AT-26
W08.02,W08,"Load, permission and secret audits",P0,W08.01,,3,R-05;R-10;R-11;R-12,G7,Reference workload profile; bounded workers; package/verifier/redaction/protection evidence,AT-18;AT-23;AT-24;AT-27;AT-29
W08.03,W08,Direwolf20 candidate and restart burn-in,P0,W08.02,,2,R-01;R-06;R-09;R-11;R-13,G7,Exact pack fixture; integrated/dedicated sessions; recorded burn-in and exclusions,AT-30
W08.04,W08,Fabric parity hardening and release evidence,P1,W07.03;W08.01,,2,R-01 through R-13,G8,Shared oracles on Fabric; real loader/server/client/audio launch evidence,AT-28;AT-30 plus applicable shared cases
W09.01,W09,Legacy discovery and transactional schema migration,P1,W08.03,,2,R-03;R-04;R-13,G7;G8,Validated import scope/provenance; backups; old-tool compatibility and controlled session migration,AT-26
W09.02,W09,"Rollback, recovery and setup documentation",P1,W09.01,G8:W08.04,2,R-10;R-11;R-13,G7;G8,JAR/storage pairing; newer-schema refusal; world discrepancy guidance; NeoForge setup and Fabric setup after Fabric evidence,AT-25;AT-26;AT-30
W09.03,W09,Release artifacts and evidence signoff,P1,W09.02,G8:W08.04,1,R-01 through R-13,G7;G8,Version/hash manifests; independent NeoForge G7 and Fabric G8 signoff; supported capability lists and known limitations,Review all advertised gates and retained artifacts
